City_ID,City,Country,Date,Lat,Lng,Max Temp,Humidity,Cloudiness,Wind Speed
0,Makinsk,KZ,2021-08-14 19:14:32,52.6292,70.4169,59.54,60,100,2.3
1,Bonavista,CA,2021-08-14 19:10:21,48.6499,-53.1147,66.11,91,98,11.23
2,Rocha,UY,2021-08-14 19:14:33,-34.4833,-54.3333,55.47,91,100,5.73
3,Port Alfred,ZA,2021-08-14 19:14:33,-33.5906,26.891,58.75,74,100,13.47
4,Lompoc,US,2021-08-14 19:13:46,34.6391,-120.4579,93.02,60,1,9.22
5,Vardo,NO,2021-08-14 19:10:29,70.3705,31.1107,49.5,83,100,3.38
6,Ketchikan,US,2021-08-14 19:14:30,55.3422,-131.6461,62.11,84,100,5.66
7,Pacific Grove,US,2021-08-14 19:13:59,36.6177,-121.9166,91.15,84,40,5.01
8,Georgetown,MY,2021-08-14 19:14:34,5.4112,100.3354,81.9,88,40,4.61
9,Busselton,AU,2021-08-14 19:10:35,-33.65,115.3333,42.08,88,0,7.16
10,Banda Aceh,ID,2021-08-14 19:14:34,5.5577,95.3222,78.51,81,100,14.94
11,Punta Arenas,CL,2021-08-14 19:14:35,-53.15,-70.9167,41.11,93,90,4.61
12,Andros Town,BS,2021-08-14 19:10:14,24.7,-77.7667,87.76,66,100,20.45
13,Yerbogachen,RU,2021-08-14 19:14:35,61.2767,108.0108,57.2,89,75,0.69
14,Inta,RU,2021-08-14 19:14:35,66.0317,60.1659,55.08,92,100,25.52
15,Longyearbyen,SJ,2021-08-14 19:14:36,78.2186,15.6401,44.44,76,40,8.05
16,Chuy,UY,2021-08-14 19:14:36,-33.6971,-53.4616,57.72,90,99,6.76
17,Plainview,US,2021-08-14 19:14:36,40.7765,-73.4673,91.74,58,1,1.01
18,Puerto Palomas,MX,2021-08-14 19:14:36,31.7667,-107.6167,72.73,84,100,8.63
19,Khatanga,RU,2021-08-14 19:14:37,71.9667,102.5,50.5,68,87,5.75
20,Port Elizabeth,ZA,2021-08-14 19:14:37,-33.918,25.5701,56.1,76,46,9.84
21,Deputatskiy,RU,2021-08-14 19:11:45,69.3,139.9,36.88,83,57,3.78
22,Hobart,AU,2021-08-14 19:10:44,-42.8794,147.3294,54.05,58,40,5.01
23,Yellowknife,CA,2021-08-14 19:14:38,62.456,-114.3525,59.52,94,90,16.11
24,Ushuaia,AR,2021-08-14 19:14:38,-54.8,-68.3,37.15,65,100,0.69
25,New Norfolk,AU,2021-08-14 19:14:38,-42.7826,147.0587,53.71,59,52,1.99
26,Mataura,NZ,2021-08-14 19:10:20,-46.1927,168.8643,42.48,86,71,5.61
27,Chokurdakh,RU,2021-08-14 19:11:09,70.6333,147.9167,41.09,79,100,12.19
28,Kitahiroshima,JP,2021-08-14 19:14:39,42.9758,141.5672,59.02,88,52,2.53
29,Mandali,IQ,2021-08-14 19:14:39,33.7499,45.5541,95.31,18,0,13.29
30,Valky,UA,2021-08-14 19:14:39,49.8387,35.6207,69.66,44,88,9.17
31,San Cristobal,VE,2021-08-14 19:10:56,7.7669,-72.225,74.55,77,100,5.64
32,Rikitea,PF,2021-08-14 19:12:32,-23.1203,-134.9692,74.41,82,26,18.21
33,San Alberto,CO,2021-08-14 19:14:40,7.7611,-73.3922,83.5,77,97,0.72
34,Sao Filipe,CV,2021-08-14 19:14:40,14.8961,-24.4956,75.88,78,66,10.8
35,Lagos,NG,2021-08-14 19:13:35,6.5833,3.75,76.21,83,9,7.2
36,Hermanus,ZA,2021-08-14 19:10:20,-34.4187,19.2345,55.9,83,0,11.95
37,Vaini,TO,2021-08-14 19:14:41,-21.2,-175.2,66.36,77,20,9.22
38,Tazovskiy,RU,2021-08-14 19:14:41,67.4667,78.7,57.76,80,100,15.05
39,Ugoofaaru,MV,2021-08-14 19:14:42,5.6667,73.0,82.13,74,100,17.83
40,Korla,CN,2021-08-14 19:14:42,41.7597,86.1469,80.64,29,100,3.36
41,Taoudenni,ML,2021-08-14 19:14:42,22.6783,-3.9836,108.75,8,52,19.37
42,Kodiak,US,2021-08-14 19:14:42,57.79,-152.4072,58.51,47,20,17.27
43,Severo-Kurilsk,RU,2021-08-14 19:14:43,50.6789,156.125,52.59,88,50,8.68
44,Gigmoto,PH,2021-08-14 19:14:43,13.7796,124.39,78.58,76,100,2.8
45,Qaanaaq,GL,2021-08-14 19:14:43,77.484,-69.3632,40.23,98,100,4.88
46,Cherskiy,RU,2021-08-14 19:10:27,68.75,161.3,43.83,80,100,10.65
47,Carnarvon,AU,2021-08-14 19:14:44,-24.8667,113.6333,50.07,37,0,10.36
48,Nikolskoye,RU,2021-08-14 19:10:30,59.7035,30.7861,66.09,95,100,8.21
49,Oranjemund,NA,2021-08-14 19:14:44,-28.55,16.4333,57.31,60,0,15.84
50,Rabo De Peixe,PT,2021-08-14 19:14:45,37.8,-25.5833,72.91,83,75,10.36
51,Bambous Virieux,MU,2021-08-14 19:10:18,-20.3428,57.7575,69.22,79,66,20.47
52,Albany,US,2021-08-14 19:14:45,42.6001,-73.9662,81.81,47,36,10.67
53,Mar Del Plata,AR,2021-08-14 19:14:46,-38.0023,-57.5575,59.02,51,0,11.5
54,Miastko,PL,2021-08-14 19:13:15,54.0028,16.9826,67.57,58,100,6.4
55,Palmeirais,BR,2021-08-14 19:14:46,-5.9778,-43.0633,96.37,23,1,4.99
56,Varhaug,NO,2021-08-14 19:14:46,58.6147,5.6457,58.89,80,12,15.59
57,San Patricio,US,2021-08-14 19:14:46,28.017,-97.5169,93.87,46,89,9.78
58,Middelburg,ZA,2021-08-14 19:14:47,-25.7751,29.4648,44.38,80,2,6.82
59,Calvinia,ZA,2021-08-14 19:14:47,-31.4707,19.776,47.61,69,0,13.04
60,Makakilo City,US,2021-08-14 19:14:47,21.3469,-158.0858,80.62,62,20,5.75
61,Pisco,PE,2021-08-14 19:14:37,-13.7,-76.2167,65.01,81,22,7.2
62,Cape Town,ZA,2021-08-14 19:14:48,-33.9258,18.4232,56.12,69,0,1.99
63,Hilo,US,2021-08-14 19:12:23,19.7297,-155.09,80.33,73,20,9.22
64,Constitucion,CL,2021-08-14 19:14:48,-35.3333,-72.4167,55.27,69,100,6.44
65,High Level,CA,2021-08-14 19:14:48,58.5169,-117.136,68.31,52,100,9.53
66,Kapaa,US,2021-08-14 19:10:36,22.0752,-159.319,80.92,74,90,4.0
67,Santa Marta,CO,2021-08-14 19:14:32,11.2408,-74.199,84.13,71,23,8.19
68,Vao,NC,2021-08-14 19:14:49,-22.6667,167.4833,67.28,61,97,16.69
69,Bluff,NZ,2021-08-14 19:14:49,-46.6,168.3333,42.8,82,99,22.64
70,Mahebourg,MU,2021-08-14 19:14:50,-20.4081,57.7,69.26,80,57,20.76
71,Melbu,NO,2021-08-14 19:14:50,68.5044,14.8297,54.21,80,26,8.05
72,Saint-Philippe,RE,2021-08-14 19:14:50,-21.3585,55.7679,69.39,84,94,16.67
73,Adrar,MR,2021-08-14 19:14:51,20.5022,-10.0711,99.81,19,31,25.19
74,Ribeira Grande,PT,2021-08-14 19:14:51,38.5167,-28.7,79.2,69,20,9.22
75,Ikungi,TZ,2021-08-14 19:14:51,-5.1333,34.7667,64.89,52,9,12.1
76,San Quintin,MX,2021-08-14 19:14:52,30.4833,-115.95,77.83,62,0,16.69
77,Buchanan,LR,2021-08-14 19:14:52,5.8808,-10.0467,76.96,74,100,6.58
78,Sitka,US,2021-08-14 19:14:53,57.0531,-135.33,60.69,72,40,4.61
79,Grand Gaube,MU,2021-08-14 19:14:53,-20.0064,57.6608,69.39,78,5,1.99
80,Salalah,OM,2021-08-14 19:14:53,17.0151,54.0924,77.09,94,90,5.75
81,Pathein,MM,2021-08-14 19:14:53,16.7833,94.7333,78.57,90,100,4.38
82,Lebu,CL,2021-08-14 19:14:54,-37.6167,-73.65,50.95,76,100,6.76
83,Kaitangata,NZ,2021-08-14 19:14:54,-46.2817,169.8464,45.68,76,32,10.56
84,Santiago,CL,2021-08-14 19:11:10,-33.4569,-70.6483,67.44,26,100,2.3
85,Corum,TR,2021-08-14 19:14:55,40.5,34.75,58.96,69,0,5.64
86,Tura,IN,2021-08-14 19:14:55,25.5198,90.2201,74.34,98,100,5.7
87,Ixtapa,MX,2021-08-14 19:11:33,20.7,-105.2,87.22,66,75,3.44
88,Dunedin,NZ,2021-08-14 19:14:55,-45.8742,170.5036,47.8,44,32,4.0
89,Haines Junction,CA,2021-08-14 19:14:56,60.7522,-137.5108,52.83,78,100,5.64
90,Isla Mujeres,MX,2021-08-14 19:11:16,21.2311,-86.731,77.05,66,2,8.19
91,Iesolo,IT,2021-08-14 19:14:56,45.5331,12.6448,84.18,75,0,4.72
92,Kirakira,SB,2021-08-14 19:14:57,-10.4544,161.9205,77.76,89,97,10.58
93,Matara,LK,2021-08-14 19:14:57,5.9485,80.5353,78.87,83,100,12.48
94,Bredasdorp,ZA,2021-08-14 19:14:57,-34.5322,20.0403,49.71,86,0,9.82
95,Karaton,ID,2021-08-14 19:14:58,-6.3424,106.1045,77.16,94,38,1.5
96,Kalmunai,LK,2021-08-14 19:14:58,7.4167,81.8167,81.61,77,100,1.19
97,Iqaluit,CA,2021-08-14 19:14:58,63.7506,-68.5145,41.5,92,100,15.32
98,Provideniya,RU,2021-08-14 19:14:58,64.3833,-173.3,50.81,90,100,6.04
99,Zhigansk,RU,2021-08-14 19:14:59,66.7697,123.3711,46.67,80,100,13.2
100,Linjiang,CN,2021-08-14 19:14:59,41.8069,126.9078,59.22,97,6,1.3
101,Comodoro Rivadavia,AR,2021-08-14 19:14:59,-45.8667,-67.5,53.46,50,0,8.05
102,Poum,NC,2021-08-14 19:15:00,-20.2333,164.0167,68.59,63,0,14.76
103,Vila Velha,BR,2021-08-14 19:12:50,-20.3297,-40.2925,75.15,73,0,12.66
104,Jamestown,US,2021-08-14 19:15:00,42.097,-79.2353,78.12,58,75,5.99
105,Cabinda,AO,2021-08-14 19:15:01,-5.55,12.2,73.6,90,72,10.22
106,Ponta Do Sol,PT,2021-08-14 19:15:01,32.6667,-17.1,80.71,77,76,0.51
107,Toul,FR,2021-08-14 19:15:01,48.6667,5.9167,84.49,67,0,3.44
108,Harper,LR,2021-08-14 19:15:02,4.375,-7.7169,76.41,71,82,7.11
109,Petrykiv,UA,2021-08-14 19:15:03,49.5332,25.5809,67.89,61,13,5.68
110,La Serena,CL,2021-08-14 19:12:42,-29.9078,-71.2542,56.71,71,40,12.66
111,Isabela,PH,2021-08-14 19:15:04,6.7085,121.9711,79.12,84,21,5.44
112,Nome,US,2021-08-14 19:15:04,64.5011,-165.4064,48.27,87,90,14.97
113,Itoman,JP,2021-08-14 19:15:05,26.1247,127.6694,81.37,96,20,10.36
114,Puerto Ayora,EC,2021-08-14 19:15:05,-0.7393,-90.3518,78.76,75,72,10.38
115,Kendari,ID,2021-08-14 19:12:25,-3.945,122.4989,72.59,95,23,3.22
116,Qianguo,CN,2021-08-14 19:15:06,45.1171,124.8568,60.62,95,14,3.58
117,Atuona,PF,2021-08-14 19:15:06,-9.8,-139.0333,78.28,80,30,18.57
118,Pozoblanco,ES,2021-08-14 19:15:06,38.3791,-4.8483,100.98,12,53,3.89
119,Upernavik,GL,2021-08-14 19:15:06,72.7868,-56.1549,46.92,94,99,11.18
120,Lazaro Cardenas,MX,2021-08-14 19:11:56,17.9583,-102.2,86.34,70,84,4.72
121,Klaksvik,FO,2021-08-14 19:15:07,62.2266,-6.589,52.72,94,100,8.93
122,Dmitriyevka,RU,2021-08-14 19:15:07,54.75,55.3333,65.75,63,7,11.3
123,Hirado,JP,2021-08-14 19:15:08,33.3597,129.5531,77.18,82,100,20.49
124,Beringovskiy,RU,2021-08-14 19:15:08,63.05,179.3167,56.12,74,100,8.48
125,Dyersburg,US,2021-08-14 19:15:08,36.0345,-89.3856,88.88,66,1,4.61
126,Avarua,CK,2021-08-14 19:15:08,-21.2078,-159.775,69.85,83,75,4.61
127,Kayan,MM,2021-08-14 19:15:09,16.9056,96.5631,80.74,86,100,6.17
128,Torbay,CA,2021-08-14 19:15:09,47.6666,-52.7314,76.87,88,86,4.0
129,Rauma,FI,2021-08-14 19:15:10,61.1272,21.5113,60.84,78,100,15.77
130,Poronaysk,RU,2021-08-14 19:15:10,49.2167,143.1167,50.97,90,99,4.14
131,Hambantota,LK,2021-08-14 19:15:10,6.1241,81.1185,79.77,75,100,17.22
132,Port Lincoln,AU,2021-08-14 19:15:11,-34.7333,135.8667,51.3,60,0,8.25
133,Thompson,CA,2021-08-14 19:15:11,55.7435,-97.8558,81.1,36,100,10.0
134,Castro,BR,2021-08-14 19:10:33,-24.7911,-50.0119,63.64,74,69,3.15
135,Tasiilaq,GL,2021-08-14 19:11:27,65.6145,-37.6368,42.48,87,94,15.35
136,Sakaraha,MG,2021-08-14 19:15:12,-22.9,44.5333,56.97,66,0,11.01
137,Palmer,US,2021-08-14 19:13:17,42.1584,-72.3287,90.0,55,75,1.99
138,Kerrville,US,2021-08-14 19:15:12,30.0474,-99.1403,92.55,49,40,1.99
139,Le Port,RE,2021-08-14 19:15:12,-20.9373,55.2919,71.6,81,28,10.45
140,Emerald,AU,2021-08-14 19:15:13,-23.5333,148.1667,54.82,94,1,5.82
141,Butaritari,KI,2021-08-14 19:10:55,3.0707,172.7902,81.16,77,100,8.05
142,Port Keats,AU,2021-08-14 19:15:14,-14.25,129.55,75.54,65,64,4.72
143,Innisfail,AU,2021-08-14 19:11:44,-17.5333,146.0333,69.37,86,100,7.81
144,Olafsvik,IS,2021-08-14 19:15:14,64.8945,-23.7142,54.39,79,8,11.81
145,Colorado Springs,US,2021-08-14 19:14:36,38.8339,-104.8214,89.89,39,1,5.01
146,Kurumkan,RU,2021-08-14 19:15:15,54.3,110.3,60.51,69,23,3.44
147,Chernyshevskiy,RU,2021-08-14 19:15:15,63.0128,112.4714,52.81,98,100,3.98
148,Lavrentiya,RU,2021-08-14 19:11:41,65.5833,-171.0,49.37,86,100,8.48
149,Si Sa Ket,TH,2021-08-14 19:15:16,14.8333,104.3333,74.86,95,100,7.49
150,Flinders,AU,2021-08-14 19:15:16,-34.5833,150.8552,50.05,85,18,1.01
151,Hithadhoo,MV,2021-08-14 19:15:16,-0.6,73.0833,82.42,72,100,14.7
152,Saint George,US,2021-08-14 19:10:53,37.1041,-113.5841,98.8,29,1,3.0
153,Heinola,FI,2021-08-14 19:15:17,61.2056,26.0381,60.89,74,100,7.9
154,Jiwani,PK,2021-08-14 19:15:17,25.05,61.7417,79.45,84,100,8.95
155,Souillac,MU,2021-08-14 19:15:17,-20.5167,57.5167,71.98,78,75,16.11
156,Clyde River,CA,2021-08-14 19:12:20,70.4692,-68.5914,41.09,88,100,4.47
157,Hamilton,US,2021-08-14 19:14:45,39.1834,-84.5333,85.57,57,90,1.99
158,Sorland,NO,2021-08-14 19:12:23,67.667,12.6934,50.07,75,29,22.12
159,Kirovskiy,RU,2021-08-14 19:15:18,45.0917,133.5136,60.44,79,100,3.78
160,Umea,SE,2021-08-14 19:15:19,63.8284,20.2597,59.92,88,100,5.75
161,Pedro Juan Caballero,PY,2021-08-14 19:15:19,-22.5472,-55.7333,80.56,41,40,4.61
162,Wamba,NG,2021-08-14 19:15:19,8.9333,8.6,73.49,93,56,1.19
163,Pevek,RU,2021-08-14 19:15:20,69.7008,170.3133,35.67,97,100,16.98
164,Cabo San Lucas,MX,2021-08-14 19:15:20,22.8909,-109.9124,95.61,70,20,16.11
165,Mapimi,MX,2021-08-14 19:15:20,25.8167,-103.85,85.17,36,1,8.7
166,Airai,TL,2021-08-14 19:11:22,-8.9266,125.4092,54.21,77,4,3.4
167,East London,ZA,2021-08-14 19:13:59,-33.0153,27.9116,58.8,71,100,9.8
168,Novo Aripuana,BR,2021-08-14 19:15:21,-5.1206,-60.3797,90.72,42,100,2.53
169,Hit,IQ,2021-08-14 19:15:21,33.6416,42.8251,94.96,20,0,9.95
170,Eydhafushi,MV,2021-08-14 19:15:22,5.1033,73.0708,82.15,76,100,17.34
171,Greenville,US,2021-08-14 19:15:04,35.6127,-77.3663,94.1,63,40,0.0
172,Katsuura,JP,2021-08-14 19:15:22,35.1333,140.3,68.11,93,100,17.29
173,Muhos,FI,2021-08-14 19:15:22,64.808,25.9931,58.89,98,100,3.24
174,Rawson,AR,2021-08-14 19:15:23,-43.3002,-65.1023,55.33,50,71,8.48
175,Tuatapere,NZ,2021-08-14 19:15:23,-46.1333,167.6833,42.82,89,100,5.66
176,Kahului,US,2021-08-14 19:11:14,20.8947,-156.47,83.46,66,20,17.27
177,Victoria,HK,2021-08-14 19:11:20,22.2855,114.1577,82.45,86,100,6.82
178,Kambar,PK,2021-08-14 19:15:24,27.5868,68.001,90.7,46,9,13.76
179,Mahibadhoo,MV,2021-08-14 19:15:24,3.7833,72.9667,82.47,75,99,17.52
180,Quepos,CR,2021-08-14 19:15:25,9.4236,-84.1652,88.9,75,98,5.68
181,Quatre Cocos,MU,2021-08-14 19:11:07,-20.2078,57.7625,69.1,79,70,19.66
182,Nador,MA,2021-08-14 19:15:25,35.174,-2.9287,80.67,88,0,3.44
183,Batu Gajah,MY,2021-08-14 19:15:25,4.4692,101.0411,78.89,89,40,5.75
184,Barrow,US,2021-08-14 19:15:26,71.2906,-156.7887,44.62,87,90,20.71
185,Wilmington,US,2021-08-14 19:15:12,34.2257,-77.9447,92.95,64,1,9.22
186,Markova,UA,2021-08-14 19:14:10,48.6758,24.4138,65.73,77,7,5.14
187,Alice Springs,AU,2021-08-14 19:12:05,-23.7,133.8833,44.15,49,0,0.0
188,Faanui,PF,2021-08-14 19:15:26,-16.4833,-151.75,78.06,74,0,4.83
189,Turukhansk,RU,2021-08-14 19:15:27,65.8167,87.9833,53.19,85,100,4.52
190,Cidreira,BR,2021-08-14 19:15:27,-30.1811,-50.2056,60.39,89,98,15.46
191,Touros,BR,2021-08-14 19:15:27,-5.1989,-35.4608,85.1,63,7,19.57
192,Hobyo,SO,2021-08-14 19:11:24,5.3505,48.5268,77.27,85,66,27.45
193,Semenivka,UA,2021-08-14 19:15:28,52.1783,32.5818,64.15,60,7,5.39
194,High Wycombe,GB,2021-08-14 19:15:28,51.6291,-0.7493,71.2,71,100,7.36
195,Bowen,AU,2021-08-14 19:15:29,-20.0167,148.2333,66.07,85,76,12.3
196,Manthani,IN,2021-08-14 19:15:29,18.65,79.6667,82.08,72,100,3.33
197,Kosh-Agach,RU,2021-08-14 19:15:29,50.0,88.6667,51.37,72,100,6.17
198,Namtsy,RU,2021-08-14 19:15:30,62.7161,129.6658,57.31,78,93,3.18
199,Rosetta,EG,2021-08-14 19:15:30,31.4044,30.4164,80.58,72,0,8.43
200,Egvekinot,RU,2021-08-14 19:15:30,66.3167,-179.1667,45.7,87,100,2.77
201,Kavieng,PG,2021-08-14 19:15:31,-2.5744,150.7967,82.33,78,9,15.01
202,Shaoxing,CN,2021-08-14 19:15:31,30.011,120.5715,75.15,98,100,1.48
203,Boden,SE,2021-08-14 19:15:31,65.8252,21.6886,60.8,97,100,3.09
204,Hede,CN,2021-08-14 19:15:32,33.7681,120.2517,72.07,86,95,4.5
205,Kenai,US,2021-08-14 19:15:32,60.5544,-151.2583,57.29,71,90,4.61
206,Yulara,AU,2021-08-14 19:15:32,-25.2406,130.9889,53.44,35,6,6.91
207,Thinadhoo,MV,2021-08-14 19:14:30,0.5333,72.9333,82.4,73,91,15.73
208,Linxia,CN,2021-08-14 19:15:33,35.6003,103.2064,62.17,64,8,3.4
209,Zeya,RU,2021-08-14 19:15:33,53.75,127.2667,56.77,79,0,2.95
210,Sur,OM,2021-08-14 19:15:34,22.5667,59.5289,86.81,58,90,15.86
211,Prince Rupert,CA,2021-08-14 19:15:34,54.3161,-130.3201,60.89,88,90,4.61
212,Perth,AU,2021-08-14 19:11:06,-31.9333,115.8333,54.09,88,0,6.91
213,Saskylakh,RU,2021-08-14 19:11:26,71.9167,114.0833,45.72,69,78,5.73
214,Luderitz,NA,2021-08-14 19:15:35,-26.6481,15.1594,63.14,37,0,14.47
215,Margate,GB,2021-08-14 19:15:30,51.3813,1.3862,70.7,64,54,1.99
216,Naze,JP,2021-08-14 19:15:35,28.3667,129.4833,78.39,87,100,14.99
217,Sinnamary,GF,2021-08-14 19:15:35,5.3833,-52.95,83.57,70,20,10.94
218,Kavaratti,IN,2021-08-14 19:15:36,10.5669,72.642,81.16,78,100,17.22
219,Fairbanks,US,2021-08-14 19:15:36,64.8378,-147.7164,53.6,74,90,3.0
220,Upington,ZA,2021-08-14 19:15:36,-28.4478,21.2561,52.18,37,0,3.44
221,Skibbereen,IE,2021-08-14 19:15:37,51.55,-9.2667,60.6,85,100,13.62
222,Chern,RU,2021-08-14 19:15:37,53.4523,36.9145,63.3,60,55,3.65
223,Kloulklubed,PW,2021-08-14 19:15:37,7.0419,134.2556,77.5,73,57,8.21
224,Roald,NO,2021-08-14 19:15:38,62.5833,6.1333,59.32,82,75,9.22
225,Judaberg,NO,2021-08-14 19:15:38,59.1659,5.8732,59.18,80,52,13.42
226,Vallenar,CL,2021-08-14 19:15:39,-28.5708,-70.7581,76.14,18,96,6.73
227,Magistralnyy,RU,2021-08-14 19:15:39,56.1725,107.4458,61.48,67,37,4.61
228,Bandarbeyla,SO,2021-08-14 19:15:39,9.4942,50.8122,77.02,82,98,32.77
229,Biak,ID,2021-08-14 19:15:40,-0.9131,122.8766,74.8,87,30,8.28
230,Camopi,GF,2021-08-14 19:15:40,3.1655,-52.3158,83.68,67,99,3.65
231,Kavali,IN,2021-08-14 19:15:40,14.9167,79.9833,83.62,66,100,9.4
232,Ilulissat,GL,2021-08-14 19:15:41,69.2167,-51.1,53.62,71,75,24.16
233,Kropotkin,RU,2021-08-14 19:15:41,45.4375,40.5756,67.57,92,100,8.03
234,Verkhnyaya Inta,RU,2021-08-14 19:15:41,65.9811,60.3094,54.82,92,100,24.45
235,At-Bashi,KG,2021-08-14 19:15:42,41.1702,75.8106,49.86,49,99,1.52
236,Anadyr,RU,2021-08-14 19:15:42,64.75,177.4833,57.7,82,20,13.42
237,Portland,US,2021-08-14 19:13:15,45.5234,-122.6762,90.19,52,75,1.99
238,Yarmouth,US,2021-08-14 19:15:43,41.7057,-70.2286,90.45,73,1,5.99
239,Tocopilla,CL,2021-08-14 19:11:53,-22.092,-70.1979,65.61,65,35,6.15
240,Inhambane,MZ,2021-08-14 19:15:43,-23.865,35.3833,65.08,69,68,12.37
241,Lukulu,ZM,2021-08-14 19:15:43,-14.3707,23.242,66.29,25,0,6.76
242,Hasaki,JP,2021-08-14 19:15:44,35.7333,140.8333,68.4,95,100,3.58
243,Berlevag,NO,2021-08-14 19:11:16,70.8578,29.0864,48.58,86,20,9.55
244,Traverse City,US,2021-08-14 19:15:44,44.7631,-85.6206,75.94,49,75,6.91
245,Arraial Do Cabo,BR,2021-08-14 19:15:45,-22.9661,-42.0278,67.96,88,75,5.75
246,Gorontalo,ID,2021-08-14 19:14:18,0.5412,123.0595,73.15,95,26,2.89
247,Abashiri,JP,2021-08-14 19:15:45,44.0213,144.2697,52.47,85,1,7.52
248,Laguna,US,2021-08-14 19:15:45,38.421,-121.4238,101.44,39,1,1.01
249,Mhasla,IN,2021-08-14 19:15:46,18.1333,73.1167,77.88,83,66,3.96
250,Gat,IL,2021-08-14 19:15:46,31.61,34.7642,83.08,100,0,7.29
251,Geraldton,AU,2021-08-14 19:12:00,-28.7667,114.6,46.81,81,0,5.75
252,Brigantine,US,2021-08-14 19:15:46,39.4101,-74.3646,96.03,66,1,6.91
253,Koundara,GN,2021-08-14 19:15:47,12.4833,-13.3,77.11,91,100,4.9
254,Petrokamenskoye,RU,2021-08-14 19:15:47,57.716,60.6484,66.33,73,100,6.62
255,Umm Lajj,SA,2021-08-14 19:15:48,25.0213,37.2685,89.89,55,0,8.63
256,Ocampo,MX,2021-08-14 19:15:48,21.65,-101.5,72.03,42,24,12.8
257,Tuktoyaktuk,CA,2021-08-14 19:15:48,69.4541,-133.0374,51.8,76,40,11.5
258,Santa Maria,BR,2021-08-14 19:15:49,-29.6842,-53.8069,69.1,68,40,2.3
259,Kieta,PG,2021-08-14 19:15:49,-6.2167,155.6333,78.78,84,100,4.21
260,Huarmey,PE,2021-08-14 19:15:50,-10.0681,-78.1522,69.21,68,28,12.12
261,Sisimiut,GL,2021-08-14 19:15:50,66.9395,-53.6735,49.8,87,100,27.76
262,Isiro,CD,2021-08-14 19:15:50,2.7739,27.616,66.2,99,100,2.1
263,Kichera,RU,2021-08-14 19:15:51,55.9375,110.0997,61.39,66,13,2.01
264,Mackenzie,CA,2021-08-14 19:15:51,55.2999,-123.1698,71.82,53,90,11.5
265,Port Blair,IN,2021-08-14 19:12:31,11.6667,92.75,81.12,85,100,12.35
266,Ambanja,MG,2021-08-14 19:15:51,-13.6833,48.45,73.08,80,33,1.43
267,Bathsheba,BB,2021-08-14 19:15:52,13.2167,-59.5167,79.41,89,75,17.27
268,Namibe,AO,2021-08-14 19:15:52,-15.1961,12.1522,65.19,89,68,4.27
269,Namatanai,PG,2021-08-14 19:15:52,-3.6667,152.4333,78.44,83,33,8.19
270,Shubarkuduk,KZ,2021-08-14 19:15:53,49.1447,56.4872,74.98,20,2,7.11
271,Irtyshskiy,RU,2021-08-14 19:15:53,58.3333,68.1333,61.3,66,0,7.14
272,Pitimbu,BR,2021-08-14 19:11:04,-7.4706,-34.8086,81.19,77,12,13.44
273,Riyadh,SA,2021-08-14 19:11:13,24.6877,46.7219,98.74,11,100,7.96
274,Aksarka,RU,2021-08-14 19:15:53,66.5606,67.7975,64.29,69,27,16.6
275,Escarcega,MX,2021-08-14 19:15:54,18.6089,-90.7454,89.51,51,84,2.57
276,Ust-Ilimsk,RU,2021-08-14 19:15:55,58.0006,102.6619,61.21,90,100,5.86
277,Marrakesh,MA,2021-08-14 19:15:00,31.6315,-8.0083,109.47,12,40,12.66
278,Monte Alegre De Minas,BR,2021-08-14 19:15:56,-18.8706,-48.8808,86.65,18,0,1.43
279,Waingapu,ID,2021-08-14 19:15:56,-9.6567,120.2641,75.11,85,1,9.01
280,Tiksi,RU,2021-08-14 19:15:56,71.6872,128.8694,43.39,76,100,8.05
281,Mago,RU,2021-08-14 19:15:57,53.2514,140.1822,56.21,89,10,1.05
282,Burns Lake,CA,2021-08-14 19:15:57,54.2331,-125.7533,69.22,44,100,13.73
283,Galdar,ES,2021-08-14 19:15:57,28.147,-15.6502,73.9,77,58,13.78
284,Nemuro,JP,2021-08-14 19:15:58,43.3236,145.575,56.26,83,95,12.82
285,Labuhan,ID,2021-08-14 19:15:58,-6.8844,112.2051,76.53,84,83,6.2
286,Mazagao,BR,2021-08-14 19:15:58,-0.115,-51.2894,93.25,63,35,6.85
287,Luwuk,ID,2021-08-14 19:15:58,-0.9516,122.7875,75.87,89,25,5.88
288,Kinkala,CG,2021-08-14 19:15:59,-4.3614,14.7644,79.99,54,33,4.14
289,Puerto Escondido,MX,2021-08-14 19:11:36,15.85,-97.0667,90.43,62,40,11.5
290,Abyek,IR,2021-08-14 19:16:00,36.0667,50.55,74.8,35,0,2.21
291,Samarai,PG,2021-08-14 19:16:01,-10.6167,150.6667,77.95,86,69,17.22
292,Oyugis,KE,2021-08-14 19:16:01,-0.509,34.7358,64.9,80,100,4.18
293,Viisoara,RO,2021-08-14 19:16:01,46.55,23.9167,69.57,64,20,2.3
294,Ancud,CL,2021-08-14 19:16:02,-41.8697,-73.8203,50.43,69,100,2.98
295,Dikson,RU,2021-08-14 19:16:02,73.5069,80.5464,47.7,98,100,8.23
296,Beroroha,MG,2021-08-14 19:16:02,-21.6667,45.1667,67.19,57,0,4.76
297,Bengkulu,ID,2021-08-14 19:14:29,-3.8004,102.2655,75.09,90,87,4.83
298,Vanimo,PG,2021-08-14 19:16:03,-2.6741,141.3028,77.13,90,67,6.82
299,Labelle,US,2021-08-14 19:16:03,26.7617,-81.4384,80.64,88,100,7.38
300,Manggar,ID,2021-08-14 19:16:03,-2.8833,108.2667,79.54,86,100,13.2
301,Aklavik,CA,2021-08-14 19:16:04,68.2191,-135.0107,58.03,72,40,8.05
302,San Miguel,SV,2021-08-14 19:16:04,13.4833,-88.1833,91.85,54,88,2.35
303,Amarkantak,IN,2021-08-14 19:16:04,22.6667,81.75,69.3,86,100,3.31
304,Liaoyang,CN,2021-08-14 19:16:04,41.2719,123.1731,64.72,86,80,1.95
305,Fredericksburg,US,2021-08-14 19:14:38,38.3032,-77.4605,94.73,55,1,5.75
306,Ilhabela,BR,2021-08-14 19:16:05,-23.7781,-45.3581,65.98,90,100,7.27
307,Silvan,TR,2021-08-14 19:16:05,38.1419,41.0081,80.89,31,5,2.64
308,Nanortalik,GL,2021-08-14 19:12:22,60.1432,-45.2371,49.62,95,100,7.67
309,Lewiston,US,2021-08-14 19:15:51,44.1003,-70.2148,90.32,79,40,16.11
310,Bethel,US,2021-08-14 19:14:16,41.3712,-73.414,90.01,71,20,1.99
311,Lae,PG,2021-08-14 19:16:06,-6.7221,146.9847,73.11,83,12,5.12
312,Naifaru,MV,2021-08-14 19:16:06,5.4444,73.3657,82.11,74,94,18.41
313,Vila,PT,2021-08-14 19:16:06,42.0304,-8.1588,70.34,48,5,3.36
314,Papara,BR,2021-08-14 19:16:07,-3.9839,-38.7273,82.8,36,90,7.85
315,Merauke,ID,2021-08-14 19:16:07,-8.4667,140.3333,76.75,86,100,15.48
316,Hervey Bay,AU,2021-08-14 19:16:07,-25.2986,152.8535,60.04,79,2,5.3
317,Rondonopolis,BR,2021-08-14 19:16:08,-16.4708,-54.6356,96.26,17,5,4.9
318,Saint-Georges,GD,2021-08-14 19:16:08,12.0564,-61.7485,85.68,79,20,9.22
319,Rantauprapat,ID,2021-08-14 19:16:08,2.1,99.8333,72.88,97,100,2.24
320,Port-Cartier,CA,2021-08-14 19:16:09,50.0334,-66.8654,66.42,100,100,2.82
321,Godfrey,US,2021-08-14 19:16:09,38.9556,-90.1868,84.63,59,1,6.91
322,Lorengau,PG,2021-08-14 19:16:09,-2.0226,147.2712,81.3,80,92,10.33
323,Daru,PG,2021-08-14 19:16:09,-9.0763,143.2092,76.53,90,100,19.1
324,Necochea,AR,2021-08-14 19:16:10,-38.5473,-58.7368,66.04,47,0,8.79
325,Itarema,BR,2021-08-14 19:16:10,-2.9248,-39.9167,83.41,58,91,16.35
326,Sao Joao Da Barra,BR,2021-08-14 19:16:11,-21.6403,-41.0511,73.49,80,47,7.38
327,Dalbandin,PK,2021-08-14 19:16:11,28.8947,64.4101,89.87,12,2,14.14
328,Talnakh,RU,2021-08-14 19:12:12,69.4865,88.3972,52.95,84,100,6.64
329,Xiashi,CN,2021-08-14 19:14:28,30.5363,120.6864,75.22,98,100,5.77
330,Shergarh,IN,2021-08-14 19:16:11,28.65,79.35,83.01,71,31,3.27
331,Hakkari,TR,2021-08-14 19:16:12,37.5833,44.1667,64.98,35,0,2.55
332,Sawtell,AU,2021-08-14 19:16:12,-30.3833,153.1,57.18,96,4,0.0
333,Auchi,NG,2021-08-14 19:16:12,7.0667,6.2667,73.33,95,41,4.23
334,Yar-Sale,RU,2021-08-14 19:16:13,66.8333,70.8333,66.4,67,100,14.18
335,Fallon,US,2021-08-14 19:15:37,39.4735,-118.7774,97.45,16,75,0.0
336,Miles City,US,2021-08-14 19:12:44,46.4083,-105.8406,92.37,18,1,6.91
337,Noumea,NC,2021-08-14 19:16:13,-22.2763,166.4572,55.38,71,0,9.82
338,Vestmannaeyjar,IS,2021-08-14 19:16:14,63.4427,-20.2734,56.53,76,100,23.85
339,Ati,TD,2021-08-14 19:16:14,13.2154,18.3353,86.43,59,16,6.71
340,Novaya Lyada,RU,2021-08-14 19:16:14,52.7131,41.6387,60.62,84,100,5.61
341,Nikki,BJ,2021-08-14 19:16:14,9.9401,3.2108,72.16,96,96,5.28
342,Mnogovershinnyy,RU,2021-08-14 19:16:15,53.9353,139.9242,57.54,73,75,4.59
343,Prachuap Khiri Khan,TH,2021-08-14 19:16:15,12.2167,99.75,76.28,78,100,6.98
344,Atar,MR,2021-08-14 19:16:16,20.5169,-13.0499,105.33,15,5,10.27
345,Elizabeth City,US,2021-08-14 19:16:01,36.2946,-76.2511,95.05,68,20,1.99
346,Skagen,DK,2021-08-14 19:16:16,57.7209,10.5839,61.27,79,0,29.01
347,Esperance,AU,2021-08-14 19:16:16,-33.8667,121.9,49.84,77,59,7.31
348,Fort Nelson,CA,2021-08-14 19:16:17,58.8053,-122.7002,72.99,31,75,10.36
349,Kismayo,SO,2021-08-14 19:16:17,-0.3582,42.5454,75.97,83,28,19.06
350,Fernandopolis,BR,2021-08-14 19:16:17,-20.2839,-50.2464,90.25,17,0,4.38
351,Saint-Pierre,RE,2021-08-14 19:16:18,-21.3393,55.4781,71.28,78,90,16.11
352,Bella Union,UY,2021-08-14 19:16:18,-30.2752,-57.6007,68.58,55,28,6.02
353,Coihaique,CL,2021-08-14 19:16:18,-45.5752,-72.0662,50.61,57,0,3.44
354,Sortavala,RU,2021-08-14 19:16:19,61.7053,30.6918,60.53,93,100,12.26
355,Carnot,CF,2021-08-14 19:16:19,4.9409,15.8665,71.67,91,90,2.15
356,Mattru,SL,2021-08-14 19:16:19,7.6244,-11.8332,74.34,83,90,3.83
357,Visby,SE,2021-08-14 19:16:19,57.6409,18.296,59.86,94,75,11.5
358,Puerto Madero,MX,2021-08-14 19:16:20,14.7208,-92.4215,86.2,84,40,10.36
359,Lata,PT,2021-08-14 19:16:20,40.1629,-8.3327,82.04,51,60,4.18
360,Pangnirtung,CA,2021-08-14 19:16:20,66.1451,-65.7125,50.0,81,90,10.36
361,Jizan,SA,2021-08-14 19:16:21,17.3333,42.6667,92.34,46,13,5.88
362,Shirokiy,RU,2021-08-14 19:16:21,49.758,129.523,62.33,84,99,1.32
363,Zyryanka,RU,2021-08-14 19:16:21,65.75,150.85,47.35,91,100,16.71
364,Dzilam Gonzalez,MX,2021-08-14 19:16:22,21.2833,-88.9333,90.21,52,7,8.28
365,Damietta,EG,2021-08-14 19:16:22,31.4165,31.8133,82.27,65,0,9.35
366,Husavik,IS,2021-08-14 19:12:48,66.0449,-17.3389,50.63,81,75,5.82
367,Cururupu,BR,2021-08-14 19:16:22,-1.8283,-44.8683,83.66,68,10,4.61
368,Rundu,NA,2021-08-14 19:16:23,-17.9333,19.7667,66.56,20,95,7.2
369,Ayagoz,KZ,2021-08-14 19:14:47,47.9714,80.4392,56.28,76,91,14.38
370,Olavarria,AR,2021-08-14 19:16:23,-36.8927,-60.3225,57.72,52,0,7.87
371,San Carlos De Bariloche,AR,2021-08-14 19:16:24,-41.1456,-71.3082,53.35,82,0,0.0
372,Shubarshi,KZ,2021-08-14 19:16:24,48.5872,57.1869,73.15,20,0,5.99
373,Belmonte,BR,2021-08-14 19:16:24,-15.8631,-38.8828,78.8,67,1,8.9
374,Duldurga,RU,2021-08-14 19:16:25,50.6761,113.5931,53.62,92,4,1.54
375,Kangaatsiaq,GL,2021-08-14 19:16:25,68.3065,-53.4641,45.86,92,100,33.35
376,Kruisfontein,ZA,2021-08-14 19:13:03,-34.0033,24.7314,53.89,79,91,2.71
377,Sept-Iles,CA,2021-08-14 19:13:23,50.2001,-66.3821,66.72,98,90,3.0
378,Marawi,PH,2021-08-14 19:16:25,7.9986,124.2928,64.65,92,98,2.89
379,Dhidhdhoo,MV,2021-08-14 19:16:26,6.8833,73.1,81.91,76,100,17.87
380,Samandag,TR,2021-08-14 19:16:26,36.0842,35.9771,84.72,79,0,6.38
381,Nanning,CN,2021-08-14 19:12:56,22.8167,108.3167,77.63,93,100,8.16
382,Lasa,IT,2021-08-14 19:16:26,46.6166,10.7002,77.88,81,43,2.46
383,Mount Gambier,AU,2021-08-14 19:13:59,-37.8333,140.7667,48.49,86,0,9.82
384,Kurchum,KZ,2021-08-14 19:16:27,48.5722,83.6542,59.67,70,100,8.34
385,Kashi,CN,2021-08-14 19:16:27,39.4547,75.9797,69.01,42,0,2.24
386,Batsfjord,NO,2021-08-14 19:16:28,70.6345,29.7185,49.23,84,50,5.37
387,Kaset Sombun,TH,2021-08-14 19:16:28,16.2805,101.9542,75.11,97,100,4.25
388,Bulgan,MN,2021-08-14 19:16:28,48.8125,103.5347,56.91,89,100,1.41
389,Skjervoy,NO,2021-08-14 19:16:29,70.0311,20.9714,49.57,80,70,7.56
390,Narsaq,GL,2021-08-14 19:16:29,60.9167,-46.05,52.02,82,100,2.93
391,Mwinilunga,ZM,2021-08-14 19:16:29,-11.7358,24.4293,66.0,30,0,6.6
392,Zhezkazgan,KZ,2021-08-14 19:16:30,47.8043,67.7144,61.9,40,92,9.71
393,Presidencia Roque Saenz Pena,AR,2021-08-14 19:16:31,-26.7852,-60.4388,73.8,26,6,4.45
394,Mount Isa,AU,2021-08-14 19:16:31,-20.7333,139.5,67.77,34,0,0.0
395,Bedele,ET,2021-08-14 19:16:31,8.456,36.353,55.92,96,100,3.67
396,Nishihara,JP,2021-08-14 19:16:32,26.1842,127.7558,80.65,97,40,9.22
397,Lima,PE,2021-08-14 19:16:32,-12.0432,-77.0282,62.85,72,75,8.05
398,Fairlie,GB,2021-08-14 19:16:32,55.756,-4.8556,61.92,81,67,3.0
399,Dembi Dolo,ET,2021-08-14 19:16:33,8.5333,34.8,56.71,95,100,2.21
400,Tibati,CM,2021-08-14 19:16:33,6.4667,12.6333,68.18,95,100,3.94
401,Acapulco,MX,2021-08-14 19:16:33,16.8634,-99.8901,89.42,66,40,5.75
402,Vikulovo,RU,2021-08-14 19:16:34,56.8167,70.6107,59.68,65,42,6.42
403,Bereznik,RU,2021-08-14 19:16:34,62.8551,42.7072,59.02,85,50,5.64
404,Mayo,US,2021-08-14 19:16:34,38.8876,-76.5119,93.34,65,20,3.0
405,Aykhal,RU,2021-08-14 19:16:35,66.0,111.5,47.84,93,100,8.77
406,Shabo,UA,2021-08-14 19:16:35,46.1326,30.386,72.05,49,30,7.7
407,Hargeysa,SO,2021-08-14 19:12:05,9.56,44.065,74.93,50,10,24.99
408,Port-Gentil,GA,2021-08-14 19:16:36,-0.7193,8.7815,76.87,85,77,14.07
409,Domvraina,GR,2021-08-14 19:16:36,38.25,22.9833,80.91,52,0,7.72
410,Marysville,US,2021-08-14 19:15:27,48.0518,-122.1771,89.1,62,1,1.01
411,Kalabo,ZM,2021-08-14 19:16:36,-14.97,22.6814,66.81,22,5,6.51
412,Te Anau,NZ,2021-08-14 19:13:36,-45.4167,167.7167,43.25,95,100,5.75
413,Kutum,SD,2021-08-14 19:16:37,14.2,24.6667,71.64,69,100,7.05
414,Lucea,JM,2021-08-14 19:16:37,18.451,-78.1736,86.86,73,26,6.93
415,Santa Lucia,ES,2021-08-14 19:16:38,27.9117,-15.5407,67.32,78,20,27.63
416,Santa Isabel Do Rio Negro,BR,2021-08-14 19:16:38,-0.4139,-65.0192,88.21,53,90,2.15
417,Tezu,IN,2021-08-14 19:16:38,27.9167,96.1667,75.49,99,100,3.11
418,Acajutla,SV,2021-08-14 19:16:39,13.5928,-89.8275,92.8,68,46,8.57
419,Kargat,RU,2021-08-14 19:16:39,55.1956,80.2811,52.18,78,19,5.28
420,Cockburn Town,TC,2021-08-14 19:16:39,21.4612,-71.1419,82.17,81,63,17.81
421,Hailar,CN,2021-08-14 19:16:40,49.2,119.7,57.11,87,39,4.76
422,Dingle,PH,2021-08-14 19:16:40,10.9995,122.6711,75.29,91,13,3.62
423,Marzuq,YE,2021-08-14 19:14:57,14.4,46.4667,82.99,52,40,7.47
424,Sakakah,SA,2021-08-14 19:16:40,29.9697,40.2064,92.77,17,0,13.15
425,Lagoa,PT,2021-08-14 19:16:41,39.05,-27.9833,73.24,81,10,7.63
426,Nabire,ID,2021-08-14 19:16:41,-3.3667,135.4833,74.3,92,91,3.04
427,Tautira,PF,2021-08-14 19:16:41,-17.7333,-149.15,80.62,77,68,8.28
428,Bunia,CD,2021-08-14 19:16:42,1.5667,30.25,62.83,97,100,3.85
429,Darhan,MN,2021-08-14 19:16:42,49.4867,105.9228,61.86,85,0,3.36
430,Asau,RO,2021-08-14 19:16:42,46.4333,26.4,68.92,81,12,1.5
431,Otjiwarongo,NA,2021-08-14 19:16:43,-20.4637,16.6477,62.1,21,0,5.68
432,Kamenka,RU,2021-08-14 19:16:43,51.3223,42.7678,59.77,96,96,12.75
433,Woodward,US,2021-08-14 19:16:43,36.4337,-99.3904,89.96,48,75,10.36
434,Hay River,CA,2021-08-14 19:13:46,60.8156,-115.7999,67.39,51,3,16.46
435,Diamantino,BR,2021-08-14 19:16:44,-14.4086,-56.4461,97.16,18,1,2.01
436,Ternovskaya,RU,2021-08-14 19:16:44,45.8542,40.4086,68.34,89,100,7.81
437,Norsup,VU,2021-08-14 19:16:44,-16.0667,167.3833,74.16,78,52,20.51
438,Sakaiminato,JP,2021-08-14 19:16:45,35.55,133.2333,69.78,94,75,14.97
439,Kununurra,AU,2021-08-14 19:14:00,-15.7667,128.7333,80.58,29,40,9.22
440,Cabedelo,BR,2021-08-14 19:16:45,-6.9811,-34.8339,81.27,79,7,15.99
441,Ramnagar,IN,2021-08-14 19:16:45,29.4,79.1167,77.04,83,7,3.71
442,Cam Ranh,VN,2021-08-14 19:16:46,11.9214,109.1591,80.56,78,20,1.14
443,Saint Anthony,US,2021-08-14 19:12:29,45.0205,-93.218,87.94,30,1,1.99
444,Ahuimanu,US,2021-08-14 19:16:46,21.4447,-157.8378,81.79,63,20,12.66
445,Gweta,BW,2021-08-14 19:16:46,-20.1833,25.2333,64.65,44,10,12.01
446,Norman Wells,CA,2021-08-14 19:16:47,65.282,-126.8329,55.44,76,75,9.22
447,Tahta,EG,2021-08-14 19:16:47,26.7693,31.5021,91.78,16,0,8.81
448,Gazli,UZ,2021-08-14 19:16:47,40.1333,63.45,78.06,21,0,14.79
449,Nikita,UA,2021-08-14 19:16:48,44.5333,34.2333,64.72,61,93,5.28
450,Nizwa,OM,2021-08-14 19:16:48,22.9333,57.5333,92.21,34,69,5.77
451,Kargasok,RU,2021-08-14 19:16:48,59.0556,80.8572,54.14,95,63,5.1
452,Moose Factory,CA,2021-08-14 19:16:49,51.2585,-80.6094,68.0,37,75,5.75
453,Mandalgovi,MN,2021-08-14 19:16:49,45.7625,106.2708,59.02,80,79,7.09
454,Ahipara,NZ,2021-08-14 19:16:49,-35.1667,173.1667,51.31,74,35,8.61
455,Solnechnyy,RU,2021-08-14 19:16:49,50.7214,136.6319,57.06,76,86,2.95
456,La Ronge,CA,2021-08-14 19:12:39,55.1001,-105.2842,85.59,27,22,9.19
457,Gawler,AU,2021-08-14 19:14:59,-34.6,138.7333,52.36,78,6,4.72
458,Kupino,RU,2021-08-14 19:16:50,54.3663,77.2981,54.5,88,12,7.14
459,Praia Da Vitoria,PT,2021-08-14 19:16:50,38.7333,-27.0667,79.05,73,40,14.74
460,Japura,ID,2021-08-14 19:16:51,-0.3167,102.35,73.2,97,99,2.46
461,Antofagasta,CL,2021-08-14 19:16:51,-23.65,-70.4,60.08,67,33,7.07
462,College,US,2021-08-14 19:16:51,64.8569,-147.8028,53.58,75,90,9.22
463,Moree,AU,2021-08-14 19:16:51,-29.4667,149.85,48.22,81,90,9.22
464,Maragogi,BR,2021-08-14 19:16:52,-9.0122,-35.2225,76.64,81,25,9.31
465,Eldorado,BR,2021-08-14 19:16:52,-23.7869,-54.2836,81.0,39,7,1.3
466,Hondo,JP,2021-08-14 19:16:52,32.45,130.2,78.64,92,100,8.5
467,Fortuna,US,2021-08-14 19:16:53,40.5982,-124.1573,63.99,90,1,0.0
468,Bodden Town,KY,2021-08-14 19:16:53,19.2833,-81.25,87.8,70,40,6.91
469,Abu Samrah,SY,2021-08-14 19:16:54,35.3029,37.1841,80.65,52,0,12.66
470,Yankton,US,2021-08-14 19:13:13,42.8711,-97.3973,86.25,35,1,10.36
471,Bondo,CD,2021-08-14 19:16:54,3.8146,23.6866,69.26,97,52,0.76
472,Alofi,NU,2021-08-14 19:13:28,-19.0595,-169.9187,72.73,67,19,16.89
473,Saldanha,ZA,2021-08-14 19:16:54,-33.0117,17.9442,54.99,66,0,8.57
474,Pinega,RU,2021-08-14 19:16:55,64.7001,43.3936,52.21,93,5,1.21
475,Am Timan,TD,2021-08-14 19:16:55,11.0297,20.2827,74.57,90,50,5.19
476,Saint-Louis,SN,2021-08-14 19:16:55,16.3333,-15.0,96.1,39,100,11.1
477,The Valley,AI,2021-08-14 19:16:56,18.217,-63.0578,87.94,74,75,12.66
478,Pleshanovo,RU,2021-08-14 19:16:56,52.8333,53.4833,68.47,22,8,2.84
479,Obo,CF,2021-08-14 19:16:56,5.3998,26.4869,69.31,92,100,0.74
480,Fort Collins,US,2021-08-14 19:14:12,40.5853,-105.0844,94.53,40,1,1.01
481,Xai-Xai,MZ,2021-08-14 19:16:57,-25.0519,33.6442,65.07,66,100,10.65
482,Amahai,ID,2021-08-14 19:16:57,-3.3333,128.9167,75.87,89,100,3.42
483,Meridian,US,2021-08-14 19:16:57,43.6121,-116.3915,94.78,25,1,6.91
484,Mehamn,NO,2021-08-14 19:16:58,71.0357,27.8492,47.23,88,66,9.46
485,Pokaran,IN,2021-08-14 19:16:58,26.9167,71.9167,86.56,52,100,22.28
486,Mill Valley,US,2021-08-14 19:16:58,37.906,-122.545,92.75,82,47,1.01
487,Slanic-Moldova,RO,2021-08-14 19:16:58,46.2,26.4333,66.02,62,5,1.05
488,Sola,VU,2021-08-14 19:16:59,-13.8833,167.55,77.25,80,99,27.85
489,Charters Towers,AU,2021-08-14 19:16:59,-20.1,146.2667,62.76,79,79,7.38
490,Partapur,IN,2021-08-14 19:16:59,23.6,74.1667,80.42,70,30,7.0
491,Half Moon Bay,US,2021-08-14 19:17:00,37.4636,-122.4286,94.57,71,20,10.36
492,Almaznyy,RU,2021-08-14 19:17:00,48.0448,40.045,68.14,78,99,14.36
493,Plettenberg Bay,ZA,2021-08-14 19:17:00,-34.0527,23.3716,54.54,84,0,5.77
494,Beloha,MG,2021-08-14 19:17:01,-25.1667,45.05,59.63,59,63,10.69
495,Berdigestyakh,RU,2021-08-14 19:17:01,62.0989,126.6992,61.25,92,80,2.71
496,Bonthe,SL,2021-08-14 19:17:01,7.5264,-12.505,77.34,78,96,8.88
497,Pirot,RS,2021-08-14 19:17:02,43.1531,22.5861,76.73,51,0,2.73
498,Ust-Nera,RU,2021-08-14 19:17:02,64.5667,143.2,54.18,85,79,3.24
499,Mengen,DE,2021-08-14 19:17:02,48.0495,9.3301,80.28,86,0,2.13
500,Leningradskiy,RU,2021-08-14 19:17:03,69.3833,178.4167,42.3,85,100,22.35
501,Ayan,RU,2021-08-14 19:17:03,56.45,138.1667,63.99,77,13,3.89
502,Urumqi,CN,2021-08-14 19:16:12,43.801,87.6005,61.75,77,75,11.18
503,Chapais,CA,2021-08-14 19:14:39,49.7834,-74.8492,62.31,59,83,12.93
504,Moses Lake,US,2021-08-14 19:15:38,47.1301,-119.2781,92.08,30,1,5.75
505,Morro Bay,US,2021-08-14 19:17:04,35.3658,-120.8499,97.38,51,21,8.01
506,Xuanwu,CN,2021-08-14 19:17:04,32.069,118.8138,73.35,97,100,5.21
507,Shizunai,JP,2021-08-14 19:17:04,42.3339,142.3669,57.13,72,86,4.61
508,Northam,GB,2021-08-14 19:17:05,51.0333,-4.2167,65.66,83,100,8.61
509,Saint-Francois,FR,2021-08-14 19:17:05,46.4154,3.9054,81.84,72,0,3.44
510,Tonj,SS,2021-08-14 19:17:06,7.2737,28.6822,72.21,89,98,3.27
511,Jasper,US,2021-08-14 19:17:06,37.2001,-94.3502,87.98,61,40,3.0
512,Charlestown,AU,2021-08-14 19:17:06,-32.95,151.6667,53.69,93,0,1.99
513,Tucumcari,US,2021-08-14 19:17:07,35.1717,-103.725,82.94,53,40,6.91
514,Magadi,IN,2021-08-14 19:17:07,12.9667,77.2333,70.14,87,100,10.16
515,Nioro,GM,2021-08-14 19:17:07,13.35,-15.75,80.53,81,100,6.76
516,Torres,BR,2021-08-14 19:17:07,-29.3353,-49.7269,66.83,85,80,12.82
517,Salamanca,ES,2021-08-14 19:17:08,40.8333,-6.0,83.98,12,6,13.09
518,Kunashak,RU,2021-08-14 19:17:08,55.7032,61.5498,72.12,51,0,7.94
519,Codrington,AU,2021-08-14 19:17:09,-38.2667,141.9667,47.43,87,0,15.37
520,Astaneh-Ye Ashrafiyeh,IR,2021-08-14 19:17:09,37.2596,49.9444,81.34,71,10,4.29
521,Kulhudhuffushi,MV,2021-08-14 19:17:09,6.6221,73.07,82.13,75,100,18.37
522,Honiara,SB,2021-08-14 19:17:09,-9.4333,159.95,76.17,89,18,4.5
523,Ialibu,PG,2021-08-14 19:17:10,-6.2821,143.9935,53.62,97,75,1.3
524,Xunchang,CN,2021-08-14 19:17:10,28.4543,104.715,71.37,90,100,2.37
525,Angostura,MX,2021-08-14 19:17:10,25.3667,-108.1833,93.99,56,61,8.01
526,Tafalla,ES,2021-08-14 19:17:11,42.5269,-1.6745,99.48,56,31,13.2
527,Idrinskoye,RU,2021-08-14 19:17:11,54.3708,92.1358,58.57,95,100,2.73
528,Shimoda,JP,2021-08-14 19:17:11,34.6667,138.95,80.71,92,100,20.4
529,Winnemucca,US,2021-08-14 19:17:12,40.973,-117.7357,96.85,12,1,6.91
530,Balkanabat,TM,2021-08-14 19:17:12,39.5108,54.3671,85.19,17,0,13.78
531,Mkushi,ZM,2021-08-14 19:17:12,-13.6202,29.3939,63.36,46,0,8.41
532,Bubaque,GW,2021-08-14 19:17:13,11.2833,-15.8333,79.25,82,100,13.89
533,Pangai,TO,2021-08-14 19:17:13,-19.8,-174.35,72.36,53,12,14.83
534,Chapleau,CA,2021-08-14 19:15:15,47.8405,-83.4034,64.49,55,75,4.61
535,Shumskiy,RU,2021-08-14 19:17:13,54.8318,99.1328,59.5,94,100,6.11
536,Bima,ID,2021-08-14 19:14:12,-8.4667,118.7167,73.54,91,3,3.15
537,Saint Augustine,US,2021-08-14 19:17:14,29.8947,-81.3145,88.02,89,90,19.57
538,Road Town,VG,2021-08-14 19:17:14,18.4167,-64.6167,87.89,74,20,11.5
539,Quthing,LS,2021-08-14 19:17:15,-30.4,27.7003,39.94,97,100,4.72
540,Marystown,CA,2021-08-14 19:17:15,47.1666,-55.1483,70.45,89,93,3.83
541,Saint-Ambroise,CA,2021-08-14 19:17:16,48.5501,-71.3324,77.32,47,47,12.57
542,Tokur,RU,2021-08-14 19:17:16,53.1333,132.9,50.59,90,26,1.72
543,Bandar-E Lengeh,IR,2021-08-14 19:17:16,26.5579,54.8807,93.85,64,5,5.41
544,Natal,BR,2021-08-14 19:16:06,-5.795,-35.2094,84.85,54,0,20.71
545,Coos Bay,US,2021-08-14 19:17:17,43.3665,-124.2179,79.32,77,1,8.05
546,Arlit,NE,2021-08-14 19:17:17,18.7369,7.3853,99.73,18,36,5.88
547,Atyashevo,RU,2021-08-14 19:17:17,54.5644,46.0691,57.13,93,99,3.98
548,Isangel,VU,2021-08-14 19:17:17,-19.55,169.2667,62.71,94,75,0.0
549,Taltal,CL,2021-08-14 19:17:18,-25.4,-70.4833,61.84,62,24,4.59
550,Tessalit,ML,2021-08-14 19:17:18,20.1986,1.0114,101.73,9,51,9.64
551,Russell,US,2021-08-14 19:15:14,32.3502,-85.1999,94.6,51,1,5.75
552,Tuim,RU,2021-08-14 19:17:18,54.3417,89.9261,55.27,98,100,1.59
553,Peno,RU,2021-08-14 19:17:19,56.9262,32.7426,62.96,75,100,7.9
554,Meulaboh,ID,2021-08-14 19:17:19,4.1363,96.1285,73.24,95,100,0.63
555,Ponta Delgada,PT,2021-08-14 19:17:19,37.7333,-25.6667,74.12,83,40,10.36
556,Pizarro,CO,2021-08-14 19:17:20,4.9533,-77.366,79.99,79,91,5.64
557,Tuy Hoa,VN,2021-08-14 19:17:20,13.0833,109.3,78.75,80,98,4.85
558,Pitanga,BR,2021-08-14 19:17:20,-24.7572,-51.7614,71.71,53,19,4.52
559,Devils Lake,US,2021-08-14 19:14:06,48.1128,-98.8651,87.78,25,1,6.91
560,Yenagoa,NG,2021-08-14 19:14:05,4.9247,6.2642,77.45,82,100,5.46
561,Belaya Gora,RU,2021-08-14 19:17:21,68.5333,146.4167,44.24,76,100,7.63
562,Peniche,PT,2021-08-14 19:17:21,39.3558,-9.3811,78.28,90,99,15.52
563,Caravelas,BR,2021-08-14 19:17:21,-17.7125,-39.2481,74.75,61,4,6.82
